{
  "os": "Linux-6.8.0-1021-aws-x86_64-with-glibc2.35",
  "python": "CPython 3.10.18",
  "startedAt": "2025-11-21T17:47:03.474767Z",
  "args": [
    "--n_variables",
    "2",
    "--max_degree",
    "3",
    "--max_nodes",
    "8",
    "--step_penalty",
    "-0.1",
    "--success_reward",
    "10.0",
    "--failure_penalty",
    "-5.0",
    "--hidden_dim",
    "256",
    "--mcts_simulations",
    "256",
    "--c_puct",
    "1.5",
    "--episodes_per_epoch",
    "64",
    "--epochs",
    "300",
    "--batch_size",
    "256",
    "--lr",
    "1e-4",
    "--value_coef",
    "0.5",
    "--num_workers",
    "32",
    "--virtual_loss",
    "1.0",
    "--checkpoint_path",
    "codes/scripts/runs/polynomial_net_parallel.pth",
    "--save_path",
    "codes/scripts/runs/polynomial_net_curriculum.pth",
    "--checkpoint_freq",
    "50",
    "--max_terms_start",
    "3",
    "--max_terms_end",
    "10"
  ],
  "program": "/home/ubuntu/random/src/OpenTensor/codes/scripts/polynomial_train_curriculum.py",
  "codePath": "codes/scripts/polynomial_train_curriculum.py",
  "codePathLocal": "codes/scripts/polynomial_train_curriculum.py",
  "git": {
    "remote": "https://github.com/YiwenAI/OpenTensor.git",
    "commit": "9727d20732ceed34eac108c76e23316df32c4981"
  },
  "email": "zengrf2000@gmail.com",
  "root": "/home/ubuntu/random/src/OpenTensor",
  "host": "ip-172-31-24-232",
  "executable": "/home/ubuntu/miniconda3/envs/binary-forms/bin/python",
  "cpu_count": 4,
  "cpu_count_logical": 8,
  "gpu": "Tesla T4",
  "gpu_count": 1,
  "disk": {
    "/": {
      "total": "532608356352",
      "used": "424474021888"
    }
  },
  "memory": {
    "total": "33263812608"
  },
  "gpu_nvidia": [
    {
      "name": "Tesla T4",
      "memoryTotal": "16106127360",
      "cudaCores": 2560,
      "architecture": "Turing",
      "uuid": "GPU-1f93bb86-8101-69c5-c812-a1141aa19957"
    }
  ],
  "cudaVersion": "12.8",
  "writerId": "ct4u05u4bd43985jb9rhgx8osai1diyx"
}