{
  "os": "Linux-6.8.0-1021-aws-x86_64-with-glibc2.35",
  "python": "CPython 3.10.18",
  "startedAt": "2025-11-24T06:43:07.059658Z",
  "args": [
    "--epochs",
    "0",
    "--episodes_per_epoch",
    "2"
  ],
  "program": "/home/ubuntu/random/src/OpenTensor/codes/scripts/polynomial_train_curriculum.py",
  "codePath": "codes/scripts/polynomial_train_curriculum.py",
  "codePathLocal": "codes/scripts/polynomial_train_curriculum.py",
  "git": {
    "remote": "https://github.com/YiwenAI/OpenTensor.git",
    "commit": "9727d20732ceed34eac108c76e23316df32c4981"
  },
  "email": "zengrf2000@gmail.com",
  "root": "/home/ubuntu/random/src/OpenTensor",
  "host": "ip-172-31-24-232",
  "executable": "/home/ubuntu/miniconda3/envs/binary-forms/bin/python",
  "cpu_count": 4,
  "cpu_count_logical": 8,
  "gpu": "Tesla T4",
  "gpu_count": 1,
  "disk": {
    "/": {
      "total": "532608356352",
      "used": "424389181440"
    }
  },
  "memory": {
    "total": "33263812608"
  },
  "gpu_nvidia": [
    {
      "name": "Tesla T4",
      "memoryTotal": "16106127360",
      "cudaCores": 2560,
      "architecture": "Turing",
      "uuid": "GPU-1f93bb86-8101-69c5-c812-a1141aa19957"
    }
  ],
  "cudaVersion": "12.8",
  "writerId": "puy4mxzjkv1zi80r7fqsaxbycxd0gkek"
}